name,count
Derrick Stafford,6
Scott Foster,6
Bennie Adams,5
Justin Van Duyne,5
Kevin Scott,5
Leroy Richardson,5
Marc Davis,5
Bill Kennedy,4
J.T. Orr,4
Jason Phillips,4
Kevin Cutler,4
Michael Smith,4
Scott Wall,4
Sean Wright,4
Curtis Blair,3
David Guthrie,3
Eric Dalen,3
James Williams,3
John Goble,3
Josh Tiven,3
Kane Fitzgerald,3
Karl Lane,3
Ken Mauer,3
Lauren Holtkamp,3
Marat Kogut,3
Matt Boland,3
Mitchell Ervin,3
Sean Corbin,3
Steve Anderson,3
Tony Brothers,3
Tony Brown,3
Zach Zarba,3
Bennett Salvatore,2
Bill Spooner,2
Brian Forte,2
Courtney Kirkland,2
Dedric Taylor,2
Ed Malloy,2
Eli Roe,2
Eric Lewis,2
Gediminas Petraitis,2
Monty McCutchen,2
Nick Buchert,2
Rodney Mott,2
Ron Garretson,2
Scott Twardoski,2
Tom Washington,2
Tre Maddox,2
Tyler Ford,2
Aaron Smith,1
Brent Barnaky,1
C.J. Washington,1
Derek Richardson,1
Derrick Collins,1
Gary Zielinski,1
Joe Crawford,1
Leon Wood,1
Mike Callahan,1
